lba_start,lba_end,count
231420,231429,99
231430,231439,99
231440,231449,198
231450,231459,99
231460,231469,99
231470,231479,99
231480,231489,198
231490,231499,99
231500,231509,99
231510,231519,99
231520,231529,99
231530,231539,99
231540,231549,99
231550,231559,99
231560,231569,198
231570,231579,99
231580,231589,99
231590,231599,99
231600,231609,198
231610,231619,99
231620,231629,99
231630,231639,99
231640,231649,198
231650,231659,99
231660,231669,99
231670,231679,99
231680,231689,198
231690,231699,99
231700,231709,99
231710,231719,99
231720,231729,198
231730,231739,99
231740,231749,99
231750,231759,99
231760,231769,198
231770,231779,99
231780,231789,99
231790,231799,99
231800,231809,198
231810,231819,99
231820,231829,99
231830,231839,99
231840,231849,198
231850,231859,99
231860,231869,99
231870,231879,99
231880,231889,198
231890,231899,99
231900,231909,99
231910,231919,99
231920,231929,198
231930,231939,99
231940,231949,99
231950,231959,99
231960,231969,198
231970,231979,99
231980,231989,99
231990,231999,99
232000,232009,198
232010,232019,99
232020,232029,99
232030,232039,99
232040,232049,198
232050,232059,99
232060,232069,99
232070,232079,99
232080,232089,198
232090,232099,99
232100,232109,99
232110,232119,99
232120,232129,198
232130,232139,99
232140,232149,99
232150,232159,99
232160,232169,198
232170,232179,99
232180,232189,99
232190,232199,99
232200,232209,198
232210,232219,99
232220,232229,99
232230,232239,99
232240,232249,198
232250,232259,99
232260,232269,99
232270,232279,99
232280,232289,198
232290,232299,99
232300,232309,99
232310,232319,99
232320,232329,198
232330,232339,99
232340,232349,99
232350,232359,99
232360,232369,198
232370,232379,99
232380,232389,99
232390,232399,99
232400,232409,198
232410,232419,99
232420,232429,99
19142750,19142759,1
19142760,19142769,1
19142770,19142779,1
19142780,19142789,1
19142790,19142799,1
19142800,19142809,1
